question,answer
What is the admission process? (1),"The admission process includes application submission, document verification, merit evaluation, and fee payment."
What is the eligibility criteria? (1),Eligibility criteria vary by program and are listed in the admission guidelines.
What is the admission fee? (1),Admission fees vary by program and are published on the university website.
What is the tuition fee? (1),Tuition fees depend on the selected degree program.
What is the scholarships? (1),The university offers merit-based and need-based scholarships for eligible students.
What is the hostel? (1),Hostel accommodation is available subject to seat availability and eligibility.
What is the merit list? (1),Merit lists are published according to the admission schedule.
What is the online application? (1),Students can submit applications through the online admission portal.
What is the documents? (1),"Required documents include academic certificates, photographs, and identification documents."
What is the entry test? (1),Some programs require an entry test while others admit students on merit.
Can you explain the admission process? (2),"The admission process includes application submission, document verification, merit evaluation, and fee payment."
Can you explain the eligibility criteria? (2),Eligibility criteria vary by program and are listed in the admission guidelines.
Can you explain the admission fee? (2),Admission fees vary by program and are published on the university website.
Can you explain the tuition fee? (2),Tuition fees depend on the selected degree program.
Can you explain the scholarships? (2),The university offers merit-based and need-based scholarships for eligible students.
Can you explain the hostel? (2),Hostel accommodation is available subject to seat availability and eligibility.
Can you explain the merit list? (2),Merit lists are published according to the admission schedule.
Can you explain the online application? (2),Students can submit applications through the online admission portal.
Can you explain the documents? (2),"Required documents include academic certificates, photographs, and identification documents."
Can you explain the entry test? (2),Some programs require an entry test while others admit students on merit.
Tell me about the admission process. (3),"The admission process includes application submission, document verification, merit evaluation, and fee payment."
Tell me about the eligibility criteria. (3),Eligibility criteria vary by program and are listed in the admission guidelines.
Tell me about the admission fee. (3),Admission fees vary by program and are published on the university website.
Tell me about the tuition fee. (3),Tuition fees depend on the selected degree program.
Tell me about the scholarships. (3),The university offers merit-based and need-based scholarships for eligible students.
Tell me about the hostel. (3),Hostel accommodation is available subject to seat availability and eligibility.
Tell me about the merit list. (3),Merit lists are published according to the admission schedule.
Tell me about the online application. (3),Students can submit applications through the online admission portal.
Tell me about the documents. (3),"Required documents include academic certificates, photographs, and identification documents."
Tell me about the entry test. (3),Some programs require an entry test while others admit students on merit.
How does the admission process work? (4),"The admission process includes application submission, document verification, merit evaluation, and fee payment."
How does the eligibility criteria work? (4),Eligibility criteria vary by program and are listed in the admission guidelines.
How does the admission fee work? (4),Admission fees vary by program and are published on the university website.
How does the tuition fee work? (4),Tuition fees depend on the selected degree program.
How does the scholarships work? (4),The university offers merit-based and need-based scholarships for eligible students.
How does the hostel work? (4),Hostel accommodation is available subject to seat availability and eligibility.
How does the merit list work? (4),Merit lists are published according to the admission schedule.
How does the online application work? (4),Students can submit applications through the online admission portal.
How does the documents work? (4),"Required documents include academic certificates, photographs, and identification documents."
How does the entry test work? (4),Some programs require an entry test while others admit students on merit.
I need information about the admission process. (5),"The admission process includes application submission, document verification, merit evaluation, and fee payment."
I need information about the eligibility criteria. (5),Eligibility criteria vary by program and are listed in the admission guidelines.
I need information about the admission fee. (5),Admission fees vary by program and are published on the university website.
I need information about the tuition fee. (5),Tuition fees depend on the selected degree program.
I need information about the scholarships. (5),The university offers merit-based and need-based scholarships for eligible students.
I need information about the hostel. (5),Hostel accommodation is available subject to seat availability and eligibility.
I need information about the merit list. (5),Merit lists are published according to the admission schedule.
I need information about the online application. (5),Students can submit applications through the online admission portal.
I need information about the documents. (5),"Required documents include academic certificates, photographs, and identification documents."
I need information about the entry test. (5),Some programs require an entry test while others admit students on merit.
Please explain admission process. (6),"The admission process includes application submission, document verification, merit evaluation, and fee payment."
Please explain eligibility criteria. (6),Eligibility criteria vary by program and are listed in the admission guidelines.
Please explain admission fee. (6),Admission fees vary by program and are published on the university website.
Please explain tuition fee. (6),Tuition fees depend on the selected degree program.
Please explain scholarships. (6),The university offers merit-based and need-based scholarships for eligible students.
Please explain hostel. (6),Hostel accommodation is available subject to seat availability and eligibility.
Please explain merit list. (6),Merit lists are published according to the admission schedule.
Please explain online application. (6),Students can submit applications through the online admission portal.
Please explain documents. (6),"Required documents include academic certificates, photographs, and identification documents."
Please explain entry test. (6),Some programs require an entry test while others admit students on merit.
What should I know about the admission process? (7),"The admission process includes application submission, document verification, merit evaluation, and fee payment."
What should I know about the eligibility criteria? (7),Eligibility criteria vary by program and are listed in the admission guidelines.
What should I know about the admission fee? (7),Admission fees vary by program and are published on the university website.
What should I know about the tuition fee? (7),Tuition fees depend on the selected degree program.
What should I know about the scholarships? (7),The university offers merit-based and need-based scholarships for eligible students.
What should I know about the hostel? (7),Hostel accommodation is available subject to seat availability and eligibility.
What should I know about the merit list? (7),Merit lists are published according to the admission schedule.
What should I know about the online application? (7),Students can submit applications through the online admission portal.
What should I know about the documents? (7),"Required documents include academic certificates, photographs, and identification documents."
What should I know about the entry test? (7),Some programs require an entry test while others admit students on merit.
Give details about the admission process. (8),"The admission process includes application submission, document verification, merit evaluation, and fee payment."
Give details about the eligibility criteria. (8),Eligibility criteria vary by program and are listed in the admission guidelines.
Give details about the admission fee. (8),Admission fees vary by program and are published on the university website.
Give details about the tuition fee. (8),Tuition fees depend on the selected degree program.
Give details about the scholarships. (8),The university offers merit-based and need-based scholarships for eligible students.
Give details about the hostel. (8),Hostel accommodation is available subject to seat availability and eligibility.
Give details about the merit list. (8),Merit lists are published according to the admission schedule.
Give details about the online application. (8),Students can submit applications through the online admission portal.
Give details about the documents. (8),"Required documents include academic certificates, photographs, and identification documents."
Give details about the entry test. (8),Some programs require an entry test while others admit students on merit.
How can I learn about the admission process? (9),"The admission process includes application submission, document verification, merit evaluation, and fee payment."
How can I learn about the eligibility criteria? (9),Eligibility criteria vary by program and are listed in the admission guidelines.
How can I learn about the admission fee? (9),Admission fees vary by program and are published on the university website.
How can I learn about the tuition fee? (9),Tuition fees depend on the selected degree program.
How can I learn about the scholarships? (9),The university offers merit-based and need-based scholarships for eligible students.
How can I learn about the hostel? (9),Hostel accommodation is available subject to seat availability and eligibility.
How can I learn about the merit list? (9),Merit lists are published according to the admission schedule.
How can I learn about the online application? (9),Students can submit applications through the online admission portal.
How can I learn about the documents? (9),"Required documents include academic certificates, photographs, and identification documents."
How can I learn about the entry test? (9),Some programs require an entry test while others admit students on merit.
Describe the admission process. (10),"The admission process includes application submission, document verification, merit evaluation, and fee payment."
Describe the eligibility criteria. (10),Eligibility criteria vary by program and are listed in the admission guidelines.
Describe the admission fee. (10),Admission fees vary by program and are published on the university website.
Describe the tuition fee. (10),Tuition fees depend on the selected degree program.
Describe the scholarships. (10),The university offers merit-based and need-based scholarships for eligible students.
Describe the hostel. (10),Hostel accommodation is available subject to seat availability and eligibility.
Describe the merit list. (10),Merit lists are published according to the admission schedule.
Describe the online application. (10),Students can submit applications through the online admission portal.
Describe the documents. (10),"Required documents include academic certificates, photographs, and identification documents."
Describe the entry test. (10),Some programs require an entry test while others admit students on merit.
What is the admission process? (11),"The admission process includes application submission, document verification, merit evaluation, and fee payment."
What is the eligibility criteria? (11),Eligibility criteria vary by program and are listed in the admission guidelines.
What is the admission fee? (11),Admission fees vary by program and are published on the university website.
What is the tuition fee? (11),Tuition fees depend on the selected degree program.
What is the scholarships? (11),The university offers merit-based and need-based scholarships for eligible students.
What is the hostel? (11),Hostel accommodation is available subject to seat availability and eligibility.
What is the merit list? (11),Merit lists are published according to the admission schedule.
What is the online application? (11),Students can submit applications through the online admission portal.
What is the documents? (11),"Required documents include academic certificates, photographs, and identification documents."
What is the entry test? (11),Some programs require an entry test while others admit students on merit.
Can you explain the admission process? (12),"The admission process includes application submission, document verification, merit evaluation, and fee payment."
Can you explain the eligibility criteria? (12),Eligibility criteria vary by program and are listed in the admission guidelines.
Can you explain the admission fee? (12),Admission fees vary by program and are published on the university website.
Can you explain the tuition fee? (12),Tuition fees depend on the selected degree program.
Can you explain the scholarships? (12),The university offers merit-based and need-based scholarships for eligible students.
Can you explain the hostel? (12),Hostel accommodation is available subject to seat availability and eligibility.
Can you explain the merit list? (12),Merit lists are published according to the admission schedule.
Can you explain the online application? (12),Students can submit applications through the online admission portal.
Can you explain the documents? (12),"Required documents include academic certificates, photographs, and identification documents."
Can you explain the entry test? (12),Some programs require an entry test while others admit students on merit.
Tell me about the admission process. (13),"The admission process includes application submission, document verification, merit evaluation, and fee payment."
Tell me about the eligibility criteria. (13),Eligibility criteria vary by program and are listed in the admission guidelines.
Tell me about the admission fee. (13),Admission fees vary by program and are published on the university website.
Tell me about the tuition fee. (13),Tuition fees depend on the selected degree program.
Tell me about the scholarships. (13),The university offers merit-based and need-based scholarships for eligible students.
Tell me about the hostel. (13),Hostel accommodation is available subject to seat availability and eligibility.
Tell me about the merit list. (13),Merit lists are published according to the admission schedule.
Tell me about the online application. (13),Students can submit applications through the online admission portal.
Tell me about the documents. (13),"Required documents include academic certificates, photographs, and identification documents."
Tell me about the entry test. (13),Some programs require an entry test while others admit students on merit.
How does the admission process work? (14),"The admission process includes application submission, document verification, merit evaluation, and fee payment."
How does the eligibility criteria work? (14),Eligibility criteria vary by program and are listed in the admission guidelines.
How does the admission fee work? (14),Admission fees vary by program and are published on the university website.
How does the tuition fee work? (14),Tuition fees depend on the selected degree program.
How does the scholarships work? (14),The university offers merit-based and need-based scholarships for eligible students.
How does the hostel work? (14),Hostel accommodation is available subject to seat availability and eligibility.
How does the merit list work? (14),Merit lists are published according to the admission schedule.
How does the online application work? (14),Students can submit applications through the online admission portal.
How does the documents work? (14),"Required documents include academic certificates, photographs, and identification documents."
How does the entry test work? (14),Some programs require an entry test while others admit students on merit.
I need information about the admission process. (15),"The admission process includes application submission, document verification, merit evaluation, and fee payment."
I need information about the eligibility criteria. (15),Eligibility criteria vary by program and are listed in the admission guidelines.
I need information about the admission fee. (15),Admission fees vary by program and are published on the university website.
I need information about the tuition fee. (15),Tuition fees depend on the selected degree program.
I need information about the scholarships. (15),The university offers merit-based and need-based scholarships for eligible students.
I need information about the hostel. (15),Hostel accommodation is available subject to seat availability and eligibility.
I need information about the merit list. (15),Merit lists are published according to the admission schedule.
I need information about the online application. (15),Students can submit applications through the online admission portal.
I need information about the documents. (15),"Required documents include academic certificates, photographs, and identification documents."
I need information about the entry test. (15),Some programs require an entry test while others admit students on merit.
Please explain admission process. (16),"The admission process includes application submission, document verification, merit evaluation, and fee payment."
Please explain eligibility criteria. (16),Eligibility criteria vary by program and are listed in the admission guidelines.
Please explain admission fee. (16),Admission fees vary by program and are published on the university website.
Please explain tuition fee. (16),Tuition fees depend on the selected degree program.
Please explain scholarships. (16),The university offers merit-based and need-based scholarships for eligible students.
Please explain hostel. (16),Hostel accommodation is available subject to seat availability and eligibility.
Please explain merit list. (16),Merit lists are published according to the admission schedule.
Please explain online application. (16),Students can submit applications through the online admission portal.
Please explain documents. (16),"Required documents include academic certificates, photographs, and identification documents."
Please explain entry test. (16),Some programs require an entry test while others admit students on merit.
What should I know about the admission process? (17),"The admission process includes application submission, document verification, merit evaluation, and fee payment."
What should I know about the eligibility criteria? (17),Eligibility criteria vary by program and are listed in the admission guidelines.
What should I know about the admission fee? (17),Admission fees vary by program and are published on the university website.
What should I know about the tuition fee? (17),Tuition fees depend on the selected degree program.
What should I know about the scholarships? (17),The university offers merit-based and need-based scholarships for eligible students.
What should I know about the hostel? (17),Hostel accommodation is available subject to seat availability and eligibility.
What should I know about the merit list? (17),Merit lists are published according to the admission schedule.
What should I know about the online application? (17),Students can submit applications through the online admission portal.
What should I know about the documents? (17),"Required documents include academic certificates, photographs, and identification documents."
What should I know about the entry test? (17),Some programs require an entry test while others admit students on merit.
Give details about the admission process. (18),"The admission process includes application submission, document verification, merit evaluation, and fee payment."
Give details about the eligibility criteria. (18),Eligibility criteria vary by program and are listed in the admission guidelines.
Give details about the admission fee. (18),Admission fees vary by program and are published on the university website.
Give details about the tuition fee. (18),Tuition fees depend on the selected degree program.
Give details about the scholarships. (18),The university offers merit-based and need-based scholarships for eligible students.
Give details about the hostel. (18),Hostel accommodation is available subject to seat availability and eligibility.
Give details about the merit list. (18),Merit lists are published according to the admission schedule.
Give details about the online application. (18),Students can submit applications through the online admission portal.
Give details about the documents. (18),"Required documents include academic certificates, photographs, and identification documents."
Give details about the entry test. (18),Some programs require an entry test while others admit students on merit.
How can I learn about the admission process? (19),"The admission process includes application submission, document verification, merit evaluation, and fee payment."
How can I learn about the eligibility criteria? (19),Eligibility criteria vary by program and are listed in the admission guidelines.
How can I learn about the admission fee? (19),Admission fees vary by program and are published on the university website.
How can I learn about the tuition fee? (19),Tuition fees depend on the selected degree program.
How can I learn about the scholarships? (19),The university offers merit-based and need-based scholarships for eligible students.
How can I learn about the hostel? (19),Hostel accommodation is available subject to seat availability and eligibility.
How can I learn about the merit list? (19),Merit lists are published according to the admission schedule.
How can I learn about the online application? (19),Students can submit applications through the online admission portal.
How can I learn about the documents? (19),"Required documents include academic certificates, photographs, and identification documents."
How can I learn about the entry test? (19),Some programs require an entry test while others admit students on merit.
Describe the admission process. (20),"The admission process includes application submission, document verification, merit evaluation, and fee payment."
Describe the eligibility criteria. (20),Eligibility criteria vary by program and are listed in the admission guidelines.
Describe the admission fee. (20),Admission fees vary by program and are published on the university website.
Describe the tuition fee. (20),Tuition fees depend on the selected degree program.
Describe the scholarships. (20),The university offers merit-based and need-based scholarships for eligible students.
Describe the hostel. (20),Hostel accommodation is available subject to seat availability and eligibility.
Describe the merit list. (20),Merit lists are published according to the admission schedule.
Describe the online application. (20),Students can submit applications through the online admission portal.
Describe the documents. (20),"Required documents include academic certificates, photographs, and identification documents."
Describe the entry test. (20),Some programs require an entry test while others admit students on merit.
What is the admission process? (21),"The admission process includes application submission, document verification, merit evaluation, and fee payment."
What is the eligibility criteria? (21),Eligibility criteria vary by program and are listed in the admission guidelines.
What is the admission fee? (21),Admission fees vary by program and are published on the university website.
What is the tuition fee? (21),Tuition fees depend on the selected degree program.
What is the scholarships? (21),The university offers merit-based and need-based scholarships for eligible students.
What is the hostel? (21),Hostel accommodation is available subject to seat availability and eligibility.
What is the merit list? (21),Merit lists are published according to the admission schedule.
What is the online application? (21),Students can submit applications through the online admission portal.
What is the documents? (21),"Required documents include academic certificates, photographs, and identification documents."
What is the entry test? (21),Some programs require an entry test while others admit students on merit.
Can you explain the admission process? (22),"The admission process includes application submission, document verification, merit evaluation, and fee payment."
Can you explain the eligibility criteria? (22),Eligibility criteria vary by program and are listed in the admission guidelines.
Can you explain the admission fee? (22),Admission fees vary by program and are published on the university website.
Can you explain the tuition fee? (22),Tuition fees depend on the selected degree program.
Can you explain the scholarships? (22),The university offers merit-based and need-based scholarships for eligible students.
Can you explain the hostel? (22),Hostel accommodation is available subject to seat availability and eligibility.
Can you explain the merit list? (22),Merit lists are published according to the admission schedule.
Can you explain the online application? (22),Students can submit applications through the online admission portal.
Can you explain the documents? (22),"Required documents include academic certificates, photographs, and identification documents."
Can you explain the entry test? (22),Some programs require an entry test while others admit students on merit.
Tell me about the admission process. (23),"The admission process includes application submission, document verification, merit evaluation, and fee payment."
Tell me about the eligibility criteria. (23),Eligibility criteria vary by program and are listed in the admission guidelines.
Tell me about the admission fee. (23),Admission fees vary by program and are published on the university website.
Tell me about the tuition fee. (23),Tuition fees depend on the selected degree program.
Tell me about the scholarships. (23),The university offers merit-based and need-based scholarships for eligible students.
Tell me about the hostel. (23),Hostel accommodation is available subject to seat availability and eligibility.
Tell me about the merit list. (23),Merit lists are published according to the admission schedule.
Tell me about the online application. (23),Students can submit applications through the online admission portal.
Tell me about the documents. (23),"Required documents include academic certificates, photographs, and identification documents."
Tell me about the entry test. (23),Some programs require an entry test while others admit students on merit.
How does the admission process work? (24),"The admission process includes application submission, document verification, merit evaluation, and fee payment."
How does the eligibility criteria work? (24),Eligibility criteria vary by program and are listed in the admission guidelines.
How does the admission fee work? (24),Admission fees vary by program and are published on the university website.
How does the tuition fee work? (24),Tuition fees depend on the selected degree program.
How does the scholarships work? (24),The university offers merit-based and need-based scholarships for eligible students.
How does the hostel work? (24),Hostel accommodation is available subject to seat availability and eligibility.
How does the merit list work? (24),Merit lists are published according to the admission schedule.
How does the online application work? (24),Students can submit applications through the online admission portal.
How does the documents work? (24),"Required documents include academic certificates, photographs, and identification documents."
How does the entry test work? (24),Some programs require an entry test while others admit students on merit.
I need information about the admission process. (25),"The admission process includes application submission, document verification, merit evaluation, and fee payment."
I need information about the eligibility criteria. (25),Eligibility criteria vary by program and are listed in the admission guidelines.
I need information about the admission fee. (25),Admission fees vary by program and are published on the university website.
I need information about the tuition fee. (25),Tuition fees depend on the selected degree program.
I need information about the scholarships. (25),The university offers merit-based and need-based scholarships for eligible students.
I need information about the hostel. (25),Hostel accommodation is available subject to seat availability and eligibility.
I need information about the merit list. (25),Merit lists are published according to the admission schedule.
I need information about the online application. (25),Students can submit applications through the online admission portal.
I need information about the documents. (25),"Required documents include academic certificates, photographs, and identification documents."
I need information about the entry test. (25),Some programs require an entry test while others admit students on merit.
Please explain admission process. (26),"The admission process includes application submission, document verification, merit evaluation, and fee payment."
Please explain eligibility criteria. (26),Eligibility criteria vary by program and are listed in the admission guidelines.
Please explain admission fee. (26),Admission fees vary by program and are published on the university website.
Please explain tuition fee. (26),Tuition fees depend on the selected degree program.
Please explain scholarships. (26),The university offers merit-based and need-based scholarships for eligible students.
Please explain hostel. (26),Hostel accommodation is available subject to seat availability and eligibility.
Please explain merit list. (26),Merit lists are published according to the admission schedule.
Please explain online application. (26),Students can submit applications through the online admission portal.
Please explain documents. (26),"Required documents include academic certificates, photographs, and identification documents."
Please explain entry test. (26),Some programs require an entry test while others admit students on merit.
What should I know about the admission process? (27),"The admission process includes application submission, document verification, merit evaluation, and fee payment."
What should I know about the eligibility criteria? (27),Eligibility criteria vary by program and are listed in the admission guidelines.
What should I know about the admission fee? (27),Admission fees vary by program and are published on the university website.
What should I know about the tuition fee? (27),Tuition fees depend on the selected degree program.
What should I know about the scholarships? (27),The university offers merit-based and need-based scholarships for eligible students.
What should I know about the hostel? (27),Hostel accommodation is available subject to seat availability and eligibility.
What should I know about the merit list? (27),Merit lists are published according to the admission schedule.
What should I know about the online application? (27),Students can submit applications through the online admission portal.
What should I know about the documents? (27),"Required documents include academic certificates, photographs, and identification documents."
What should I know about the entry test? (27),Some programs require an entry test while others admit students on merit.
Give details about the admission process. (28),"The admission process includes application submission, document verification, merit evaluation, and fee payment."
Give details about the eligibility criteria. (28),Eligibility criteria vary by program and are listed in the admission guidelines.
Give details about the admission fee. (28),Admission fees vary by program and are published on the university website.
Give details about the tuition fee. (28),Tuition fees depend on the selected degree program.
Give details about the scholarships. (28),The university offers merit-based and need-based scholarships for eligible students.
Give details about the hostel. (28),Hostel accommodation is available subject to seat availability and eligibility.
Give details about the merit list. (28),Merit lists are published according to the admission schedule.
Give details about the online application. (28),Students can submit applications through the online admission portal.
Give details about the documents. (28),"Required documents include academic certificates, photographs, and identification documents."
Give details about the entry test. (28),Some programs require an entry test while others admit students on merit.
How can I learn about the admission process? (29),"The admission process includes application submission, document verification, merit evaluation, and fee payment."
How can I learn about the eligibility criteria? (29),Eligibility criteria vary by program and are listed in the admission guidelines.
How can I learn about the admission fee? (29),Admission fees vary by program and are published on the university website.
How can I learn about the tuition fee? (29),Tuition fees depend on the selected degree program.
How can I learn about the scholarships? (29),The university offers merit-based and need-based scholarships for eligible students.
How can I learn about the hostel? (29),Hostel accommodation is available subject to seat availability and eligibility.
How can I learn about the merit list? (29),Merit lists are published according to the admission schedule.
How can I learn about the online application? (29),Students can submit applications through the online admission portal.
How can I learn about the documents? (29),"Required documents include academic certificates, photographs, and identification documents."
How can I learn about the entry test? (29),Some programs require an entry test while others admit students on merit.
Describe the admission process. (30),"The admission process includes application submission, document verification, merit evaluation, and fee payment."
Describe the eligibility criteria. (30),Eligibility criteria vary by program and are listed in the admission guidelines.
Describe the admission fee. (30),Admission fees vary by program and are published on the university website.
Describe the tuition fee. (30),Tuition fees depend on the selected degree program.
Describe the scholarships. (30),The university offers merit-based and need-based scholarships for eligible students.
Describe the hostel. (30),Hostel accommodation is available subject to seat availability and eligibility.
Describe the merit list. (30),Merit lists are published according to the admission schedule.
Describe the online application. (30),Students can submit applications through the online admission portal.
Describe the documents. (30),"Required documents include academic certificates, photographs, and identification documents."
Describe the entry test. (30),Some programs require an entry test while others admit students on merit.
What is the admission process? (31),"The admission process includes application submission, document verification, merit evaluation, and fee payment."
What is the eligibility criteria? (31),Eligibility criteria vary by program and are listed in the admission guidelines.
What is the admission fee? (31),Admission fees vary by program and are published on the university website.
What is the tuition fee? (31),Tuition fees depend on the selected degree program.
What is the scholarships? (31),The university offers merit-based and need-based scholarships for eligible students.
What is the hostel? (31),Hostel accommodation is available subject to seat availability and eligibility.
What is the merit list? (31),Merit lists are published according to the admission schedule.
What is the online application? (31),Students can submit applications through the online admission portal.
What is the documents? (31),"Required documents include academic certificates, photographs, and identification documents."
What is the entry test? (31),Some programs require an entry test while others admit students on merit.
Can you explain the admission process? (32),"The admission process includes application submission, document verification, merit evaluation, and fee payment."
Can you explain the eligibility criteria? (32),Eligibility criteria vary by program and are listed in the admission guidelines.
Can you explain the admission fee? (32),Admission fees vary by program and are published on the university website.
Can you explain the tuition fee? (32),Tuition fees depend on the selected degree program.
Can you explain the scholarships? (32),The university offers merit-based and need-based scholarships for eligible students.
Can you explain the hostel? (32),Hostel accommodation is available subject to seat availability and eligibility.
Can you explain the merit list? (32),Merit lists are published according to the admission schedule.
Can you explain the online application? (32),Students can submit applications through the online admission portal.
Can you explain the documents? (32),"Required documents include academic certificates, photographs, and identification documents."
Can you explain the entry test? (32),Some programs require an entry test while others admit students on merit.
Tell me about the admission process. (33),"The admission process includes application submission, document verification, merit evaluation, and fee payment."
Tell me about the eligibility criteria. (33),Eligibility criteria vary by program and are listed in the admission guidelines.
Tell me about the admission fee. (33),Admission fees vary by program and are published on the university website.
Tell me about the tuition fee. (33),Tuition fees depend on the selected degree program.
Tell me about the scholarships. (33),The university offers merit-based and need-based scholarships for eligible students.
Tell me about the hostel. (33),Hostel accommodation is available subject to seat availability and eligibility.
Tell me about the merit list. (33),Merit lists are published according to the admission schedule.
Tell me about the online application. (33),Students can submit applications through the online admission portal.
Tell me about the documents. (33),"Required documents include academic certificates, photographs, and identification documents."
Tell me about the entry test. (33),Some programs require an entry test while others admit students on merit.
How does the admission process work? (34),"The admission process includes application submission, document verification, merit evaluation, and fee payment."
How does the eligibility criteria work? (34),Eligibility criteria vary by program and are listed in the admission guidelines.
How does the admission fee work? (34),Admission fees vary by program and are published on the university website.
How does the tuition fee work? (34),Tuition fees depend on the selected degree program.
How does the scholarships work? (34),The university offers merit-based and need-based scholarships for eligible students.
How does the hostel work? (34),Hostel accommodation is available subject to seat availability and eligibility.
How does the merit list work? (34),Merit lists are published according to the admission schedule.
How does the online application work? (34),Students can submit applications through the online admission portal.
How does the documents work? (34),"Required documents include academic certificates, photographs, and identification documents."
How does the entry test work? (34),Some programs require an entry test while others admit students on merit.
I need information about the admission process. (35),"The admission process includes application submission, document verification, merit evaluation, and fee payment."
I need information about the eligibility criteria. (35),Eligibility criteria vary by program and are listed in the admission guidelines.
I need information about the admission fee. (35),Admission fees vary by program and are published on the university website.
I need information about the tuition fee. (35),Tuition fees depend on the selected degree program.
I need information about the scholarships. (35),The university offers merit-based and need-based scholarships for eligible students.
I need information about the hostel. (35),Hostel accommodation is available subject to seat availability and eligibility.
I need information about the merit list. (35),Merit lists are published according to the admission schedule.
I need information about the online application. (35),Students can submit applications through the online admission portal.
I need information about the documents. (35),"Required documents include academic certificates, photographs, and identification documents."
I need information about the entry test. (35),Some programs require an entry test while others admit students on merit.
Please explain admission process. (36),"The admission process includes application submission, document verification, merit evaluation, and fee payment."
Please explain eligibility criteria. (36),Eligibility criteria vary by program and are listed in the admission guidelines.
Please explain admission fee. (36),Admission fees vary by program and are published on the university website.
Please explain tuition fee. (36),Tuition fees depend on the selected degree program.
Please explain scholarships. (36),The university offers merit-based and need-based scholarships for eligible students.
Please explain hostel. (36),Hostel accommodation is available subject to seat availability and eligibility.
Please explain merit list. (36),Merit lists are published according to the admission schedule.
Please explain online application. (36),Students can submit applications through the online admission portal.
Please explain documents. (36),"Required documents include academic certificates, photographs, and identification documents."
Please explain entry test. (36),Some programs require an entry test while others admit students on merit.
What should I know about the admission process? (37),"The admission process includes application submission, document verification, merit evaluation, and fee payment."
What should I know about the eligibility criteria? (37),Eligibility criteria vary by program and are listed in the admission guidelines.
What should I know about the admission fee? (37),Admission fees vary by program and are published on the university website.
What should I know about the tuition fee? (37),Tuition fees depend on the selected degree program.
What should I know about the scholarships? (37),The university offers merit-based and need-based scholarships for eligible students.
What should I know about the hostel? (37),Hostel accommodation is available subject to seat availability and eligibility.
What should I know about the merit list? (37),Merit lists are published according to the admission schedule.
What should I know about the online application? (37),Students can submit applications through the online admission portal.
What should I know about the documents? (37),"Required documents include academic certificates, photographs, and identification documents."
What should I know about the entry test? (37),Some programs require an entry test while others admit students on merit.
Give details about the admission process. (38),"The admission process includes application submission, document verification, merit evaluation, and fee payment."
Give details about the eligibility criteria. (38),Eligibility criteria vary by program and are listed in the admission guidelines.
Give details about the admission fee. (38),Admission fees vary by program and are published on the university website.
Give details about the tuition fee. (38),Tuition fees depend on the selected degree program.
Give details about the scholarships. (38),The university offers merit-based and need-based scholarships for eligible students.
Give details about the hostel. (38),Hostel accommodation is available subject to seat availability and eligibility.
Give details about the merit list. (38),Merit lists are published according to the admission schedule.
Give details about the online application. (38),Students can submit applications through the online admission portal.
Give details about the documents. (38),"Required documents include academic certificates, photographs, and identification documents."
Give details about the entry test. (38),Some programs require an entry test while others admit students on merit.
How can I learn about the admission process? (39),"The admission process includes application submission, document verification, merit evaluation, and fee payment."
How can I learn about the eligibility criteria? (39),Eligibility criteria vary by program and are listed in the admission guidelines.
How can I learn about the admission fee? (39),Admission fees vary by program and are published on the university website.
How can I learn about the tuition fee? (39),Tuition fees depend on the selected degree program.
How can I learn about the scholarships? (39),The university offers merit-based and need-based scholarships for eligible students.
How can I learn about the hostel? (39),Hostel accommodation is available subject to seat availability and eligibility.
How can I learn about the merit list? (39),Merit lists are published according to the admission schedule.
How can I learn about the online application? (39),Students can submit applications through the online admission portal.
How can I learn about the documents? (39),"Required documents include academic certificates, photographs, and identification documents."
How can I learn about the entry test? (39),Some programs require an entry test while others admit students on merit.
Describe the admission process. (40),"The admission process includes application submission, document verification, merit evaluation, and fee payment."
Describe the eligibility criteria. (40),Eligibility criteria vary by program and are listed in the admission guidelines.
Describe the admission fee. (40),Admission fees vary by program and are published on the university website.
Describe the tuition fee. (40),Tuition fees depend on the selected degree program.
Describe the scholarships. (40),The university offers merit-based and need-based scholarships for eligible students.
Describe the hostel. (40),Hostel accommodation is available subject to seat availability and eligibility.
Describe the merit list. (40),Merit lists are published according to the admission schedule.
Describe the online application. (40),Students can submit applications through the online admission portal.
Describe the documents. (40),"Required documents include academic certificates, photographs, and identification documents."
Describe the entry test. (40),Some programs require an entry test while others admit students on merit.
What is the admission process? (41),"The admission process includes application submission, document verification, merit evaluation, and fee payment."
What is the eligibility criteria? (41),Eligibility criteria vary by program and are listed in the admission guidelines.
What is the admission fee? (41),Admission fees vary by program and are published on the university website.
What is the tuition fee? (41),Tuition fees depend on the selected degree program.
What is the scholarships? (41),The university offers merit-based and need-based scholarships for eligible students.
What is the hostel? (41),Hostel accommodation is available subject to seat availability and eligibility.
What is the merit list? (41),Merit lists are published according to the admission schedule.
What is the online application? (41),Students can submit applications through the online admission portal.
What is the documents? (41),"Required documents include academic certificates, photographs, and identification documents."
What is the entry test? (41),Some programs require an entry test while others admit students on merit.
Can you explain the admission process? (42),"The admission process includes application submission, document verification, merit evaluation, and fee payment."
Can you explain the eligibility criteria? (42),Eligibility criteria vary by program and are listed in the admission guidelines.
Can you explain the admission fee? (42),Admission fees vary by program and are published on the university website.
Can you explain the tuition fee? (42),Tuition fees depend on the selected degree program.
Can you explain the scholarships? (42),The university offers merit-based and need-based scholarships for eligible students.
Can you explain the hostel? (42),Hostel accommodation is available subject to seat availability and eligibility.
Can you explain the merit list? (42),Merit lists are published according to the admission schedule.
Can you explain the online application? (42),Students can submit applications through the online admission portal.
Can you explain the documents? (42),"Required documents include academic certificates, photographs, and identification documents."
Can you explain the entry test? (42),Some programs require an entry test while others admit students on merit.
Tell me about the admission process. (43),"The admission process includes application submission, document verification, merit evaluation, and fee payment."
Tell me about the eligibility criteria. (43),Eligibility criteria vary by program and are listed in the admission guidelines.
Tell me about the admission fee. (43),Admission fees vary by program and are published on the university website.
Tell me about the tuition fee. (43),Tuition fees depend on the selected degree program.
Tell me about the scholarships. (43),The university offers merit-based and need-based scholarships for eligible students.
Tell me about the hostel. (43),Hostel accommodation is available subject to seat availability and eligibility.
Tell me about the merit list. (43),Merit lists are published according to the admission schedule.
Tell me about the online application. (43),Students can submit applications through the online admission portal.
Tell me about the documents. (43),"Required documents include academic certificates, photographs, and identification documents."
Tell me about the entry test. (43),Some programs require an entry test while others admit students on merit.
How does the admission process work? (44),"The admission process includes application submission, document verification, merit evaluation, and fee payment."
How does the eligibility criteria work? (44),Eligibility criteria vary by program and are listed in the admission guidelines.
How does the admission fee work? (44),Admission fees vary by program and are published on the university website.
How does the tuition fee work? (44),Tuition fees depend on the selected degree program.
How does the scholarships work? (44),The university offers merit-based and need-based scholarships for eligible students.
How does the hostel work? (44),Hostel accommodation is available subject to seat availability and eligibility.
How does the merit list work? (44),Merit lists are published according to the admission schedule.
How does the online application work? (44),Students can submit applications through the online admission portal.
How does the documents work? (44),"Required documents include academic certificates, photographs, and identification documents."
How does the entry test work? (44),Some programs require an entry test while others admit students on merit.
I need information about the admission process. (45),"The admission process includes application submission, document verification, merit evaluation, and fee payment."
I need information about the eligibility criteria. (45),Eligibility criteria vary by program and are listed in the admission guidelines.
I need information about the admission fee. (45),Admission fees vary by program and are published on the university website.
I need information about the tuition fee. (45),Tuition fees depend on the selected degree program.
I need information about the scholarships. (45),The university offers merit-based and need-based scholarships for eligible students.
I need information about the hostel. (45),Hostel accommodation is available subject to seat availability and eligibility.
I need information about the merit list. (45),Merit lists are published according to the admission schedule.
I need information about the online application. (45),Students can submit applications through the online admission portal.
I need information about the documents. (45),"Required documents include academic certificates, photographs, and identification documents."
I need information about the entry test. (45),Some programs require an entry test while others admit students on merit.
Please explain admission process. (46),"The admission process includes application submission, document verification, merit evaluation, and fee payment."
Please explain eligibility criteria. (46),Eligibility criteria vary by program and are listed in the admission guidelines.
Please explain admission fee. (46),Admission fees vary by program and are published on the university website.
Please explain tuition fee. (46),Tuition fees depend on the selected degree program.
Please explain scholarships. (46),The university offers merit-based and need-based scholarships for eligible students.
Please explain hostel. (46),Hostel accommodation is available subject to seat availability and eligibility.
Please explain merit list. (46),Merit lists are published according to the admission schedule.
Please explain online application. (46),Students can submit applications through the online admission portal.
Please explain documents. (46),"Required documents include academic certificates, photographs, and identification documents."
Please explain entry test. (46),Some programs require an entry test while others admit students on merit.
What should I know about the admission process? (47),"The admission process includes application submission, document verification, merit evaluation, and fee payment."
What should I know about the eligibility criteria? (47),Eligibility criteria vary by program and are listed in the admission guidelines.
What should I know about the admission fee? (47),Admission fees vary by program and are published on the university website.
What should I know about the tuition fee? (47),Tuition fees depend on the selected degree program.
What should I know about the scholarships? (47),The university offers merit-based and need-based scholarships for eligible students.
What should I know about the hostel? (47),Hostel accommodation is available subject to seat availability and eligibility.
What should I know about the merit list? (47),Merit lists are published according to the admission schedule.
What should I know about the online application? (47),Students can submit applications through the online admission portal.
What should I know about the documents? (47),"Required documents include academic certificates, photographs, and identification documents."
What should I know about the entry test? (47),Some programs require an entry test while others admit students on merit.
Give details about the admission process. (48),"The admission process includes application submission, document verification, merit evaluation, and fee payment."
Give details about the eligibility criteria. (48),Eligibility criteria vary by program and are listed in the admission guidelines.
Give details about the admission fee. (48),Admission fees vary by program and are published on the university website.
Give details about the tuition fee. (48),Tuition fees depend on the selected degree program.
Give details about the scholarships. (48),The university offers merit-based and need-based scholarships for eligible students.
Give details about the hostel. (48),Hostel accommodation is available subject to seat availability and eligibility.
Give details about the merit list. (48),Merit lists are published according to the admission schedule.
Give details about the online application. (48),Students can submit applications through the online admission portal.
Give details about the documents. (48),"Required documents include academic certificates, photographs, and identification documents."
Give details about the entry test. (48),Some programs require an entry test while others admit students on merit.
How can I learn about the admission process? (49),"The admission process includes application submission, document verification, merit evaluation, and fee payment."
How can I learn about the eligibility criteria? (49),Eligibility criteria vary by program and are listed in the admission guidelines.
How can I learn about the admission fee? (49),Admission fees vary by program and are published on the university website.
How can I learn about the tuition fee? (49),Tuition fees depend on the selected degree program.
How can I learn about the scholarships? (49),The university offers merit-based and need-based scholarships for eligible students.
How can I learn about the hostel? (49),Hostel accommodation is available subject to seat availability and eligibility.
How can I learn about the merit list? (49),Merit lists are published according to the admission schedule.
How can I learn about the online application? (49),Students can submit applications through the online admission portal.
How can I learn about the documents? (49),"Required documents include academic certificates, photographs, and identification documents."
How can I learn about the entry test? (49),Some programs require an entry test while others admit students on merit.
Describe the admission process. (50),"The admission process includes application submission, document verification, merit evaluation, and fee payment."
Describe the eligibility criteria. (50),Eligibility criteria vary by program and are listed in the admission guidelines.
Describe the admission fee. (50),Admission fees vary by program and are published on the university website.
Describe the tuition fee. (50),Tuition fees depend on the selected degree program.
Describe the scholarships. (50),The university offers merit-based and need-based scholarships for eligible students.
Describe the hostel. (50),Hostel accommodation is available subject to seat availability and eligibility.
Describe the merit list. (50),Merit lists are published according to the admission schedule.
Describe the online application. (50),Students can submit applications through the online admission portal.
Describe the documents. (50),"Required documents include academic certificates, photographs, and identification documents."
Describe the entry test. (50),Some programs require an entry test while others admit students on merit.
